591,Yu Ahn,31,441,,,,,,,,
592,Yi-Feng Alvarez,32,442,,,,,,,,
593,Yan Austin,33,443,,,,,,,,
594,William Barrett,34,444,,,,,,,,
595,Viacheslav Benchimol,35,445,,,,,,,,
596,Tiffanie Bosson,36,446,,,,,,,,
597,Thanadtha Brown,37,447,,,,,,,,
598,Tadamitsu Carrow,38,448,,,,,,,,
599,Sompop Chang,39,449,,,,,,,,
600,Shannon Cheesebro,40,450,,,,,,,,
601,Scott Cheng,41,451,,,,,,,,
602,Sangjo Chou,42,452,,,,,,,,
603,Sachie Clark,43,453,,,,,,,,
604,Robert Crunelle,44,454,,,,,,,,
605,Rikin Davis,45,455,,,,,,,,
606,Preston Doorey,46,456,,,,,,,,
607,Peter Espinosa,47,457,,,,,,,,
608,Pallavi Fox,48,458,,,,,,,,
609,Nicole Gao,49,459,,,,,,,,
610,Nawaz Georges,50,460,,,,,,,,
611,Montero Greene,51,461,,,,,,,,
612,Michael Guill,52,462,,,,,,,,
613,Matthew Hanan,53,463,,,,,,,,
614,Masayoshi Ho,54,464,,,,,,,,
615,Maria Hong,55,465,,,,,,,,
616,Yu Ahn,56,466,,,,,,,,
617,Yi-Feng Alvarez,57,467,,,,,,,,
618,Yan Austin,58,468,,,,,,,,
619,William Barrett,59,469,,,,,,,,
620,Viacheslav Benchimol,60,470,,,,,,,,
,,,,,,,,,,,
,,,,,,,,,,,
,,,,,,,,,,,
,,,,,,,,,,,
,,,,,,,,,,,
,,,,,,,,,,,
,,,,,,,,,,,
,,,,,,,,,,,
,,,,,,,,,,,
,,,,,,,,,,,
,,,,,,,,,,,
,,,,,,,,,,,
,,,,,,,,,,,
,,,,,,,,,,,
,,,,,,,,,,,
,,,,,,,,,,,
,,,,,,,,,,,
,,,,,,,,,,,
,,,,,,,,,,,
,,,,,,,,,,,
,,,,,,,,,,,
,,,,,,,,,,,
,,,,,,,,,,,
,,,,,,,,,,,
,,,,,,,,,,,
,,,,,,,,,,,
,,,,,,,,,,,
,,,,,,,,,,,
,,,,,,,,,,,
,,,,,,,,,,,
,,,,,,,,,,,
,,,,,,,,,,,
,,,,,,,,,,,
,,,,,,,,,,,
,,,,,,,,,,,
,,,,,,,,,,,
,,,,,,,,,,,
,,,,,,,,,,,
,,,,,,,,,,,
,,,,,,,,,,,
,,,,,,,,,,,
,,,,,,,,,,,
,,,,,,,,,,,
,,,,,,,,,,,
,,,,,,,,,,,
,,,,,,,,,,,
,,,,,,,,,,,
,,,,,,,,,,,
,,,,,,,,,,,
,,,,,,,,,,,
,,,,,,,,,,,
,,,,,,,,,,,
,,,,,,,,,,,
,,,,,,,,,,,
,,,,,,,,,,,
,,,,,,,,,,,
,,,,,,,,,,,
,,,,,,,,,,,
,,,,,,,,,,,
,,,,,,,,,,,
,,,,,,,,,,,
,,,,,,,,,,,
,,,,,,,,,,,
,,,,,,,,,,,
,,,,,,,,,,,
,,,,,,,,,,,
,,,,,,,,,,,
,,,,,,,,,,,
,,,,,,,,,,,
,,,,,,,,,,,
